customerID,Churn
CUST-00001,No
CUST-00002,No
CUST-00003,No
CUST-00004,No
CUST-00005,No
CUST-00006,Yes
CUST-00007,Yes
CUST-00008,No
CUST-00009,No
CUST-00010,No
CUST-00011,No
CUST-00012,No
CUST-00013,No
CUST-00014,No
CUST-00015,No
CUST-00016,No
CUST-00017,No
CUST-00018,No
CUST-00019,No
CUST-00020,No
CUST-00021,Yes
CUST-00022,No
CUST-00023,No
CUST-00024,No
CUST-00025,No
CUST-00026,No
CUST-00027,Yes
CUST-00028,Yes
CUST-00029,No
CUST-00030,Yes
CUST-00031,No
CUST-00032,No
CUST-00033,No
CUST-00034,Yes
CUST-00035,Yes
CUST-00036,No
CUST-00037,Yes
CUST-00038,Yes
CUST-00039,Yes
CUST-00040,No
CUST-00041,No
CUST-00042,No
CUST-00043,No
CUST-00044,No
CUST-00045,No
CUST-00046,No
CUST-00047,Yes
CUST-00048,No
CUST-00049,No
CUST-00050,Yes
CUST-00051,No
CUST-00052,Yes
CUST-00053,No
CUST-00054,No
CUST-00055,No
CUST-00056,No
CUST-00057,No
CUST-00058,No
CUST-00059,No
CUST-00060,No
CUST-00061,No
CUST-00062,Yes
CUST-00063,No
CUST-00064,No
CUST-00065,Yes
CUST-00066,No
CUST-00067,No
CUST-00068,Yes
CUST-00069,No
CUST-00070,No
CUST-00071,No
CUST-00072,No
CUST-00073,No
CUST-00074,No
CUST-00075,No
CUST-00076,No
CUST-00077,No
CUST-00078,No
CUST-00079,No
CUST-00080,No
CUST-00081,No
CUST-00082,No
CUST-00083,No
CUST-00084,Yes
CUST-00085,No
CUST-00086,No
CUST-00087,No
CUST-00088,No
CUST-00089,Yes
CUST-00090,No
CUST-00091,Yes
CUST-00092,No
CUST-00093,No
CUST-00094,Yes
CUST-00095,No
CUST-00096,No
CUST-00097,No
CUST-00098,No
CUST-00099,No
CUST-00100,No
CUST-00101,No
CUST-00102,Yes
CUST-00103,No
CUST-00104,No
CUST-00105,No
CUST-00106,No
CUST-00107,No
CUST-00108,No
CUST-00109,No
CUST-00110,Yes
CUST-00111,No
CUST-00112,No
CUST-00113,No
CUST-00114,No
CUST-00115,No
CUST-00116,No
CUST-00117,Yes
CUST-00118,No
CUST-00119,No
CUST-00120,No
CUST-00121,No
CUST-00122,No
CUST-00123,No
CUST-00124,No
CUST-00125,No
CUST-00126,No
CUST-00127,Yes
CUST-00128,No
CUST-00129,Yes
CUST-00130,No
CUST-00131,Yes
CUST-00132,Yes
CUST-00133,No
CUST-00134,No
CUST-00135,No
CUST-00136,No
CUST-00137,No
CUST-00138,No
CUST-00139,No
CUST-00140,Yes
CUST-00141,Yes
CUST-00142,No
CUST-00143,No
CUST-00144,No
CUST-00145,No
CUST-00146,No
CUST-00147,No
CUST-00148,Yes
CUST-00149,No
CUST-00150,No
CUST-00151,No
CUST-00152,No
CUST-00153,No
CUST-00154,No
CUST-00155,Yes
CUST-00156,No
CUST-00157,No
CUST-00158,Yes
CUST-00159,Yes
CUST-00160,Yes
CUST-00161,Yes
CUST-00162,No
CUST-00163,No
CUST-00164,No
CUST-00165,No
CUST-00166,No
CUST-00167,No
CUST-00168,Yes
CUST-00169,No
CUST-00170,No
CUST-00171,No
CUST-00172,No
CUST-00173,No
CUST-00174,Yes
CUST-00175,No
CUST-00176,No
CUST-00177,No
CUST-00178,No
CUST-00179,No
CUST-00180,No
CUST-00181,Yes
CUST-00182,No
CUST-00183,Yes
CUST-00184,Yes
CUST-00185,Yes
CUST-00186,No
CUST-00187,No
CUST-00188,Yes
CUST-00189,No
CUST-00190,No
CUST-00191,No
CUST-00192,Yes
CUST-00193,Yes
CUST-00194,No
CUST-00195,No
CUST-00196,No
CUST-00197,No
CUST-00198,No
CUST-00199,Yes
CUST-00200,No
CUST-00201,No
CUST-00202,No
CUST-00203,No
CUST-00204,No
CUST-00205,No
CUST-00206,No
CUST-00207,No
CUST-00208,No
CUST-00209,No
CUST-00210,No
CUST-00211,No
CUST-00212,No
CUST-00213,No
CUST-00214,No
CUST-00215,No
CUST-00216,No
CUST-00217,No
CUST-00218,Yes
CUST-00219,Yes
CUST-00220,Yes
CUST-00221,No
CUST-00222,No
CUST-00223,No
CUST-00224,No
CUST-00225,No
CUST-00226,No
CUST-00227,No
CUST-00228,No
CUST-00229,Yes
CUST-00230,No
CUST-00231,No
CUST-00232,No
CUST-00233,Yes
CUST-00234,No
CUST-00235,Yes
CUST-00236,Yes
CUST-00237,Yes
CUST-00238,No
CUST-00239,Yes
CUST-00240,No
CUST-00241,No
CUST-00242,Yes
CUST-00243,No
CUST-00244,No
CUST-00245,No
CUST-00246,No
CUST-00247,Yes
CUST-00248,Yes
CUST-00249,No
CUST-00250,No
CUST-00251,No
CUST-00252,Yes
CUST-00253,No
CUST-00254,No
CUST-00255,Yes
CUST-00256,Yes
CUST-00257,No
CUST-00258,No
CUST-00259,No
CUST-00260,Yes
CUST-00261,Yes
CUST-00262,No
CUST-00263,No
CUST-00264,No
CUST-00265,Yes
CUST-00266,No
CUST-00267,Yes
CUST-00268,No
CUST-00269,No
CUST-00270,Yes
CUST-00271,No
CUST-00272,No
CUST-00273,No
CUST-00274,No
CUST-00275,No
CUST-00276,No
CUST-00277,No
CUST-00278,No
CUST-00279,Yes
CUST-00280,No
CUST-00281,No
CUST-00282,No
CUST-00283,No
CUST-00284,No
CUST-00285,No
CUST-00286,No
CUST-00287,Yes
CUST-00288,No
CUST-00289,No
CUST-00290,No
CUST-00291,No
CUST-00292,No
CUST-00293,No
CUST-00294,Yes
CUST-00295,No
CUST-00296,No
CUST-00297,No
CUST-00298,No
CUST-00299,No
CUST-00300,No
CUST-00301,No
CUST-00302,No
CUST-00303,Yes
CUST-00304,No
CUST-00305,Yes
CUST-00306,Yes
CUST-00307,No
CUST-00308,No
CUST-00309,No
CUST-00310,No
CUST-00311,No
CUST-00312,No
CUST-00313,No
CUST-00314,No
CUST-00315,No
CUST-00316,No
CUST-00317,No
CUST-00318,No
CUST-00319,No
CUST-00320,Yes
CUST-00321,No
CUST-00322,No
CUST-00323,No
CUST-00324,No
CUST-00325,No
CUST-00326,No
CUST-00327,Yes
CUST-00328,No
CUST-00329,No
CUST-00330,No
CUST-00331,No
CUST-00332,Yes
CUST-00333,No
CUST-00334,Yes
CUST-00335,No
CUST-00336,No
CUST-00337,No
CUST-00338,No
CUST-00339,Yes
CUST-00340,No
CUST-00341,No
CUST-00342,No
CUST-00343,No
CUST-00344,Yes
CUST-00345,No
CUST-00346,No
CUST-00347,No
CUST-00348,Yes
CUST-00349,No
CUST-00350,Yes
CUST-00351,No
CUST-00352,Yes
CUST-00353,No
CUST-00354,No
CUST-00355,No
CUST-00356,No
CUST-00357,No
CUST-00358,No
CUST-00359,No
CUST-00360,Yes
CUST-00361,Yes
CUST-00362,No
CUST-00363,No
CUST-00364,No
CUST-00365,No
CUST-00366,Yes
CUST-00367,No
CUST-00368,No
CUST-00369,No
CUST-00370,No
CUST-00371,Yes
CUST-00372,No
CUST-00373,No
CUST-00374,No
CUST-00375,Yes
CUST-00376,No
CUST-00377,No
CUST-00378,No
CUST-00379,No
CUST-00380,No
CUST-00381,No
CUST-00382,No
CUST-00383,No
CUST-00384,No
CUST-00385,No
CUST-00386,No
CUST-00387,Yes
CUST-00388,Yes
CUST-00389,No
CUST-00390,Yes
CUST-00391,No
CUST-00392,Yes
CUST-00393,No
CUST-00394,No
CUST-00395,No
CUST-00396,Yes
CUST-00397,No
CUST-00398,No
CUST-00399,No
CUST-00400,No
CUST-00401,No
CUST-00402,No
CUST-00403,No
CUST-00404,No
CUST-00405,No
CUST-00406,Yes
CUST-00407,Yes
CUST-00408,Yes
CUST-00409,No
CUST-00410,No
CUST-00411,No
CUST-00412,No
CUST-00413,No
CUST-00414,Yes
CUST-00415,No
CUST-00416,Yes
CUST-00417,No
CUST-00418,No
CUST-00419,Yes
CUST-00420,No
CUST-00421,Yes
CUST-00422,No
CUST-00423,No
CUST-00424,Yes
CUST-00425,No
CUST-00426,No
CUST-00427,No
CUST-00428,No
CUST-00429,No
CUST-00430,No
CUST-00431,No
CUST-00432,No
CUST-00433,No
CUST-00434,No
CUST-00435,No
CUST-00436,No
CUST-00437,No
CUST-00438,No
CUST-00439,No
CUST-00440,No
CUST-00441,No
CUST-00442,Yes
CUST-00443,No
CUST-00444,No
CUST-00445,No
CUST-00446,No
CUST-00447,No
CUST-00448,No
CUST-00449,No
CUST-00450,No
CUST-00451,No
CUST-00452,No
CUST-00453,No
CUST-00454,Yes
CUST-00455,No
CUST-00456,Yes
CUST-00457,No
CUST-00458,No
CUST-00459,No
CUST-00460,No
CUST-00461,No
CUST-00462,No
CUST-00463,No
CUST-00464,No
CUST-00465,No
CUST-00466,No
CUST-00467,No
CUST-00468,No
CUST-00469,No
CUST-00470,No
CUST-00471,No
CUST-00472,No
CUST-00473,No
CUST-00474,No
CUST-00475,No
CUST-00476,No
CUST-00477,No
CUST-00478,No
CUST-00479,Yes
CUST-00480,No
CUST-00481,No
CUST-00482,No
CUST-00483,No
CUST-00484,No
CUST-00485,No
CUST-00486,No
CUST-00487,No
CUST-00488,Yes
CUST-00489,No
CUST-00490,No
CUST-00491,Yes
CUST-00492,No
CUST-00493,No
CUST-00494,No
CUST-00495,No
CUST-00496,No
CUST-00497,No
CUST-00498,Yes
CUST-00499,Yes
CUST-00500,Yes
CUST-00501,No
CUST-00502,No
CUST-00503,No
CUST-00504,No
CUST-00505,No
CUST-00506,No
CUST-00507,No
CUST-00508,No
CUST-00509,No
CUST-00510,No
CUST-00511,Yes
CUST-00512,No
CUST-00513,Yes
CUST-00514,No
CUST-00515,Yes
CUST-00516,No
CUST-00517,No
CUST-00518,No
CUST-00519,No
CUST-00520,No
CUST-00521,No
CUST-00522,No
CUST-00523,Yes
CUST-00524,No
CUST-00525,No
CUST-00526,Yes
CUST-00527,No
CUST-00528,Yes
CUST-00529,Yes
CUST-00530,No
CUST-00531,No
CUST-00532,No
CUST-00533,No
CUST-00534,Yes
CUST-00535,No
CUST-00536,No
CUST-00537,Yes
CUST-00538,No
CUST-00539,No
CUST-00540,No
CUST-00541,No
CUST-00542,No
CUST-00543,Yes
CUST-00544,No
CUST-00545,No
CUST-00546,No
CUST-00547,No
CUST-00548,No
CUST-00549,No
CUST-00550,No
CUST-00551,Yes
CUST-00552,Yes
CUST-00553,No
CUST-00554,No
CUST-00555,Yes
CUST-00556,No
CUST-00557,No
CUST-00558,No
CUST-00559,No
CUST-00560,No
CUST-00561,No
CUST-00562,Yes
CUST-00563,No
CUST-00564,No
CUST-00565,No
CUST-00566,No
CUST-00567,No
CUST-00568,Yes
CUST-00569,No
CUST-00570,No
CUST-00571,Yes
CUST-00572,No
CUST-00573,No
CUST-00574,Yes
CUST-00575,No
CUST-00576,Yes
CUST-00577,No
CUST-00578,No
CUST-00579,No
CUST-00580,No
CUST-00581,Yes
CUST-00582,No
CUST-00583,No
CUST-00584,No
CUST-00585,No
CUST-00586,No
CUST-00587,No
CUST-00588,No
CUST-00589,No
CUST-00590,Yes
CUST-00591,No
CUST-00592,No
CUST-00593,No
CUST-00594,Yes
CUST-00595,No
CUST-00596,No
CUST-00597,No
CUST-00598,No
CUST-00599,Yes
CUST-00600,No
CUST-00601,No
CUST-00602,Yes
CUST-00603,No
CUST-00604,No
CUST-00605,No
CUST-00606,No
CUST-00607,Yes
CUST-00608,Yes
CUST-00609,No
CUST-00610,No
CUST-00611,No
CUST-00612,Yes
CUST-00613,Yes
CUST-00614,Yes
CUST-00615,No
CUST-00616,No
CUST-00617,No
CUST-00618,No
CUST-00619,No
CUST-00620,No
CUST-00621,Yes
CUST-00622,No
CUST-00623,Yes
CUST-00624,No
CUST-00625,No
CUST-00626,Yes
CUST-00627,Yes
CUST-00628,Yes
CUST-00629,No
CUST-00630,Yes
CUST-00631,No
CUST-00632,No
CUST-00633,No
CUST-00634,Yes
CUST-00635,No
CUST-00636,No
CUST-00637,No
CUST-00638,No
CUST-00639,No
CUST-00640,No
CUST-00641,No
CUST-00642,No
CUST-00643,No
CUST-00644,No
CUST-00645,No
CUST-00646,No
CUST-00647,No
CUST-00648,No
CUST-00649,No
CUST-00650,Yes
CUST-00651,No
CUST-00652,No
CUST-00653,Yes
CUST-00654,No
CUST-00655,Yes
CUST-00656,No
CUST-00657,No
CUST-00658,No
CUST-00659,No
CUST-00660,No
CUST-00661,Yes
CUST-00662,No
CUST-00663,Yes
CUST-00664,No
CUST-00665,No
CUST-00666,No
CUST-00667,No
CUST-00668,No
CUST-00669,No
CUST-00670,No
CUST-00671,No
CUST-00672,No
CUST-00673,No
CUST-00674,No
CUST-00675,No
CUST-00676,No
CUST-00677,No
CUST-00678,Yes
CUST-00679,Yes
CUST-00680,Yes
CUST-00681,No
CUST-00682,No
CUST-00683,No
CUST-00684,No
CUST-00685,No
CUST-00686,No
CUST-00687,No
CUST-00688,No
CUST-00689,No
CUST-00690,No
CUST-00691,No
CUST-00692,No
CUST-00693,No
CUST-00694,Yes
CUST-00695,No
CUST-00696,No
CUST-00697,No
CUST-00698,No
CUST-00699,No
CUST-00700,No
CUST-00701,No
CUST-00702,No
CUST-00703,No
CUST-00704,No
CUST-00705,No
CUST-00706,No
CUST-00707,No
CUST-00708,Yes
CUST-00709,No
CUST-00710,No
CUST-00711,No
CUST-00712,No
CUST-00713,No
CUST-00714,Yes
CUST-00715,Yes
CUST-00716,No
CUST-00717,No
CUST-00718,Yes
CUST-00719,No
CUST-00720,No
CUST-00721,Yes
CUST-00722,Yes
CUST-00723,No
CUST-00724,No
CUST-00725,No
CUST-00726,No
CUST-00727,No
CUST-00728,No
CUST-00729,Yes
CUST-00730,No
CUST-00731,No
CUST-00732,Yes
CUST-00733,No
CUST-00734,No
CUST-00735,No
CUST-00736,Yes
CUST-00737,No
CUST-00738,No
CUST-00739,No
CUST-00740,No
CUST-00741,Yes
CUST-00742,No
CUST-00743,No
CUST-00744,Yes
CUST-00745,No
CUST-00746,No
CUST-00747,No
CUST-00748,No
CUST-00749,No
CUST-00750,Yes
CUST-00751,No
CUST-00752,No
CUST-00753,Yes
CUST-00754,No
CUST-00755,Yes
CUST-00756,No
CUST-00757,No
CUST-00758,No
CUST-00759,No
CUST-00760,No
CUST-00761,No
CUST-00762,No
CUST-00763,No
CUST-00764,No
CUST-00765,No
CUST-00766,No
CUST-00767,No
CUST-00768,No
CUST-00769,No
CUST-00770,No
CUST-00771,Yes
CUST-00772,Yes
CUST-00773,No
CUST-00774,No
CUST-00775,Yes
CUST-00776,No
CUST-00777,No
CUST-00778,No
CUST-00779,No
CUST-00780,No
CUST-00781,No
CUST-00782,No
CUST-00783,No
CUST-00784,Yes
CUST-00785,No
CUST-00786,No
CUST-00787,No
CUST-00788,No
CUST-00789,No
CUST-00790,Yes
CUST-00791,No
CUST-00792,No
CUST-00793,Yes
CUST-00794,Yes
CUST-00795,No
CUST-00796,No
CUST-00797,Yes
CUST-00798,Yes
CUST-00799,No
CUST-00800,Yes
CUST-00801,No
CUST-00802,No
CUST-00803,No
CUST-00804,No
CUST-00805,No
CUST-00806,No
CUST-00807,No
CUST-00808,No
CUST-00809,No
CUST-00810,No
CUST-00811,No
CUST-00812,No
CUST-00813,No
CUST-00814,Yes
CUST-00815,No
CUST-00816,No
CUST-00817,No
CUST-00818,No
CUST-00819,No
CUST-00820,No
CUST-00821,No
CUST-00822,No
CUST-00823,No
CUST-00824,Yes
CUST-00825,No
CUST-00826,No
CUST-00827,No
CUST-00828,No
CUST-00829,Yes
CUST-00830,Yes
CUST-00831,Yes
CUST-00832,No
CUST-00833,No
CUST-00834,No
CUST-00835,No
CUST-00836,No
CUST-00837,No
CUST-00838,No
CUST-00839,No
CUST-00840,No
CUST-00841,No
CUST-00842,No
CUST-00843,No
CUST-00844,No
CUST-00845,Yes
CUST-00846,No
CUST-00847,No
CUST-00848,No
CUST-00849,No
CUST-00850,Yes
CUST-00851,No
CUST-00852,No
CUST-00853,No
CUST-00854,No
CUST-00855,No
CUST-00856,No
CUST-00857,No
CUST-00858,No
CUST-00859,No
CUST-00860,No
CUST-00861,Yes
CUST-00862,No
CUST-00863,Yes
CUST-00864,No
CUST-00865,No
CUST-00866,Yes
CUST-00867,No
CUST-00868,No
CUST-00869,No
CUST-00870,No
CUST-00871,No
CUST-00872,No
CUST-00873,Yes
CUST-00874,Yes
CUST-00875,No
CUST-00876,No
CUST-00877,No
CUST-00878,No
CUST-00879,No
CUST-00880,No
CUST-00881,Yes
CUST-00882,No
CUST-00883,Yes
CUST-00884,No
CUST-00885,No
CUST-00886,No
CUST-00887,No
CUST-00888,No
CUST-00889,No
CUST-00890,No
CUST-00891,Yes
CUST-00892,No
CUST-00893,No
CUST-00894,No
CUST-00895,Yes
CUST-00896,No
CUST-00897,No
CUST-00898,No
CUST-00899,No
CUST-00900,No
CUST-00901,Yes
CUST-00902,No
CUST-00903,No
CUST-00904,No
CUST-00905,No
CUST-00906,No
CUST-00907,No
CUST-00908,No
CUST-00909,No
CUST-00910,Yes
CUST-00911,No
CUST-00912,No
CUST-00913,No
CUST-00914,No
CUST-00915,No
CUST-00916,No
CUST-00917,No
CUST-00918,No
CUST-00919,No
CUST-00920,Yes
CUST-00921,No
CUST-00922,Yes
CUST-00923,No
CUST-00924,No
CUST-00925,No
CUST-00926,Yes
CUST-00927,No
CUST-00928,Yes
CUST-00929,No
CUST-00930,Yes
CUST-00931,No
CUST-00932,Yes
CUST-00933,No
CUST-00934,No
CUST-00935,No
CUST-00936,No
CUST-00937,Yes
CUST-00938,No
CUST-00939,No
CUST-00940,Yes
CUST-00941,Yes
CUST-00942,No
CUST-00943,Yes
CUST-00944,No
CUST-00945,No
CUST-00946,No
CUST-00947,No
CUST-00948,Yes
CUST-00949,Yes
CUST-00950,No
CUST-00951,No
CUST-00952,Yes
CUST-00953,No
CUST-00954,No
CUST-00955,Yes
CUST-00956,No
CUST-00957,Yes
CUST-00958,No
CUST-00959,No
CUST-00960,No
CUST-00961,No
CUST-00962,No
CUST-00963,Yes
CUST-00964,Yes
CUST-00965,No
CUST-00966,No
CUST-00967,No
CUST-00968,No
CUST-00969,No
CUST-00970,No
CUST-00971,No
CUST-00972,No
CUST-00973,No
CUST-00974,No
CUST-00975,No
CUST-00976,No
CUST-00977,No
CUST-00978,Yes
CUST-00979,Yes
CUST-00980,Yes
CUST-00981,Yes
CUST-00982,No
CUST-00983,No
CUST-00984,Yes
CUST-00985,No
CUST-00986,No
CUST-00987,No
CUST-00988,No
CUST-00989,No
CUST-00990,No
CUST-00991,No
CUST-00992,No
CUST-00993,Yes
CUST-00994,No
CUST-00995,No
CUST-00996,No
CUST-00997,Yes
CUST-00998,Yes
CUST-00999,No
CUST-01000,Yes
CUST-01001,No
CUST-01002,No
CUST-01003,No
CUST-01004,No
CUST-01005,No
CUST-01006,Yes
CUST-01007,No
CUST-01008,No
CUST-01009,No
CUST-01010,No
CUST-01011,No
CUST-01012,No
CUST-01013,Yes
CUST-01014,No
CUST-01015,No
CUST-01016,No
CUST-01017,No
CUST-01018,No
CUST-01019,No
CUST-01020,Yes
CUST-01021,No
CUST-01022,No
CUST-01023,No
CUST-01024,No
CUST-01025,Yes
CUST-01026,No
CUST-01027,No
CUST-01028,No
CUST-01029,No
CUST-01030,No
CUST-01031,Yes
CUST-01032,No
CUST-01033,No
CUST-01034,No
CUST-01035,Yes
CUST-01036,No
CUST-01037,No
CUST-01038,No
CUST-01039,No
CUST-01040,No
CUST-01041,No
CUST-01042,No
CUST-01043,Yes
CUST-01044,No
CUST-01045,No
CUST-01046,Yes
CUST-01047,No
CUST-01048,No
CUST-01049,No
CUST-01050,Yes
CUST-01051,No
CUST-01052,No
CUST-01053,No
CUST-01054,No
CUST-01055,No
CUST-01056,No
CUST-01057,Yes
CUST-01058,No
CUST-01059,Yes
CUST-01060,No
CUST-01061,No
CUST-01062,Yes
CUST-01063,No
CUST-01064,No
CUST-01065,No
CUST-01066,No
CUST-01067,No
CUST-01068,No
CUST-01069,No
CUST-01070,No
CUST-01071,No
CUST-01072,No
CUST-01073,No
CUST-01074,No
CUST-01075,No
CUST-01076,No
CUST-01077,No
CUST-01078,No
CUST-01079,No
CUST-01080,No
CUST-01081,No
CUST-01082,No
CUST-01083,No
CUST-01084,No
CUST-01085,Yes
CUST-01086,No
CUST-01087,No
CUST-01088,No
CUST-01089,Yes
CUST-01090,No
CUST-01091,Yes
CUST-01092,No
CUST-01093,Yes
CUST-01094,Yes
CUST-01095,Yes
CUST-01096,No
CUST-01097,No
CUST-01098,Yes
CUST-01099,No
CUST-01100,Yes
CUST-01101,Yes
CUST-01102,No
CUST-01103,No
CUST-01104,No
CUST-01105,No
CUST-01106,No
CUST-01107,Yes
CUST-01108,No
CUST-01109,No
CUST-01110,Yes
CUST-01111,No
CUST-01112,No
CUST-01113,No
CUST-01114,No
CUST-01115,No
CUST-01116,No
CUST-01117,Yes
CUST-01118,No
CUST-01119,No
CUST-01120,No
CUST-01121,No
CUST-01122,Yes
CUST-01123,No
CUST-01124,No
CUST-01125,No
CUST-01126,No
CUST-01127,No
CUST-01128,Yes
CUST-01129,No
CUST-01130,No
CUST-01131,No
CUST-01132,No
CUST-01133,No
CUST-01134,No
CUST-01135,No
CUST-01136,No
CUST-01137,No
CUST-01138,Yes
CUST-01139,Yes
CUST-01140,Yes
CUST-01141,No
CUST-01142,Yes
CUST-01143,No
CUST-01144,Yes
CUST-01145,No
CUST-01146,No
CUST-01147,No
CUST-01148,No
CUST-01149,Yes
CUST-01150,No
CUST-01151,Yes
CUST-01152,No
CUST-01153,No
CUST-01154,No
CUST-01155,No
CUST-01156,Yes
CUST-01157,No
CUST-01158,No
CUST-01159,Yes
CUST-01160,No
CUST-01161,Yes
CUST-01162,No
CUST-01163,No
CUST-01164,Yes
CUST-01165,Yes
CUST-01166,No
CUST-01167,No
CUST-01168,No
CUST-01169,Yes
CUST-01170,No
CUST-01171,No
CUST-01172,No
CUST-01173,No
CUST-01174,Yes
CUST-01175,No
CUST-01176,Yes
CUST-01177,No
CUST-01178,No
CUST-01179,Yes
CUST-01180,No
CUST-01181,No
CUST-01182,Yes
CUST-01183,No
CUST-01184,No
CUST-01185,No
CUST-01186,No
CUST-01187,Yes
CUST-01188,No
CUST-01189,Yes
CUST-01190,No
CUST-01191,No
CUST-01192,No
CUST-01193,No
CUST-01194,No
CUST-01195,Yes
CUST-01196,No
CUST-01197,No
CUST-01198,Yes
CUST-01199,Yes
CUST-01200,No
CUST-01201,Yes
CUST-01202,Yes
CUST-01203,Yes
CUST-01204,No
CUST-01205,No
CUST-01206,No
CUST-01207,Yes
CUST-01208,No
CUST-01209,No
CUST-01210,No
CUST-01211,No
CUST-01212,No
CUST-01213,Yes
CUST-01214,Yes
CUST-01215,No
CUST-01216,No
CUST-01217,Yes
CUST-01218,No
CUST-01219,No
CUST-01220,No
CUST-01221,No
CUST-01222,No
CUST-01223,No
CUST-01224,No
CUST-01225,Yes
CUST-01226,No
CUST-01227,No
CUST-01228,Yes
CUST-01229,No
CUST-01230,Yes
CUST-01231,No
CUST-01232,No
CUST-01233,No
CUST-01234,Yes
CUST-01235,No
CUST-01236,No
CUST-01237,Yes
CUST-01238,No
CUST-01239,No
CUST-01240,No
CUST-01241,Yes
CUST-01242,No
CUST-01243,No
CUST-01244,No
CUST-01245,No
CUST-01246,No
CUST-01247,No
CUST-01248,Yes
CUST-01249,No
CUST-01250,No
CUST-01251,No
CUST-01252,No
CUST-01253,No
CUST-01254,No
CUST-01255,No
CUST-01256,No
CUST-01257,No
CUST-01258,Yes
CUST-01259,No
CUST-01260,No
CUST-01261,Yes
CUST-01262,No
CUST-01263,No
CUST-01264,No
CUST-01265,No
CUST-01266,No
CUST-01267,No
CUST-01268,No
CUST-01269,No
CUST-01270,Yes
CUST-01271,Yes
CUST-01272,No
CUST-01273,No
CUST-01274,No
CUST-01275,No
CUST-01276,No
CUST-01277,No
CUST-01278,No
CUST-01279,No
CUST-01280,No
CUST-01281,No
CUST-01282,No
CUST-01283,No
CUST-01284,No
CUST-01285,No
CUST-01286,No
CUST-01287,Yes
CUST-01288,No
CUST-01289,No
CUST-01290,No
CUST-01291,No
CUST-01292,No
CUST-01293,Yes
CUST-01294,No
CUST-01295,Yes
CUST-01296,No
CUST-01297,No
CUST-01298,No
CUST-01299,No
CUST-01300,No
CUST-01301,No
CUST-01302,No
CUST-01303,No
CUST-01304,No
CUST-01305,No
CUST-01306,No
CUST-01307,No
CUST-01308,No
CUST-01309,Yes
CUST-01310,No
CUST-01311,No
CUST-01312,No
CUST-01313,No
CUST-01314,No
CUST-01315,Yes
CUST-01316,No
CUST-01317,No
CUST-01318,No
CUST-01319,Yes
CUST-01320,No
CUST-01321,No
CUST-01322,No
CUST-01323,No
CUST-01324,No
CUST-01325,No
CUST-01326,No
CUST-01327,No
CUST-01328,Yes
CUST-01329,No
CUST-01330,No
CUST-01331,No
CUST-01332,No
CUST-01333,No
CUST-01334,Yes
CUST-01335,No
CUST-01336,No
CUST-01337,Yes
CUST-01338,No
CUST-01339,No
CUST-01340,No
CUST-01341,No
CUST-01342,No
CUST-01343,No
CUST-01344,Yes
CUST-01345,No
CUST-01346,No
CUST-01347,No
CUST-01348,No
CUST-01349,No
CUST-01350,No
CUST-01351,Yes
CUST-01352,No
CUST-01353,No
CUST-01354,No
CUST-01355,No
CUST-01356,No
CUST-01357,No
CUST-01358,No
CUST-01359,No
CUST-01360,No
CUST-01361,No
CUST-01362,Yes
CUST-01363,Yes
CUST-01364,No
CUST-01365,No
CUST-01366,Yes
CUST-01367,No
CUST-01368,No
CUST-01369,No
CUST-01370,No
CUST-01371,No
CUST-01372,No
CUST-01373,Yes
CUST-01374,Yes
CUST-01375,Yes
CUST-01376,No
CUST-01377,No
CUST-01378,No
CUST-01379,No
CUST-01380,Yes
CUST-01381,No
CUST-01382,No
CUST-01383,No
CUST-01384,No
CUST-01385,No
CUST-01386,No
CUST-01387,No
CUST-01388,No
CUST-01389,No
CUST-01390,No
CUST-01391,No
CUST-01392,No
CUST-01393,No
CUST-01394,No
CUST-01395,No
CUST-01396,No
CUST-01397,No
CUST-01398,No
CUST-01399,No
CUST-01400,No
CUST-01401,No
CUST-01402,No
CUST-01403,Yes
CUST-01404,No
CUST-01405,No
CUST-01406,No
CUST-01407,No
CUST-01408,No
CUST-01409,No
